date,edit_count
2019-06-04,1
2019-06-29,1
2019-08-18,1
2020-02-29,1
2020-03-31,1
2020-06-22,2
2020-06-23,3
2020-06-26,1
2020-06-28,2
2020-06-30,1
2020-07-01,1
2020-07-02,2
2020-07-09,1
2020-07-14,2
2020-07-15,2
2020-07-19,3
2020-07-27,2
2020-08-05,1
2020-08-08,3
2020-08-12,2
2020-08-19,1
2020-08-24,4
2020-08-29,2
2020-09-01,1
2020-09-02,1
2020-09-15,5
2020-09-16,9
2020-09-17,1
2020-09-18,1
2020-09-21,1
2020-10-08,2
2020-10-10,2
2020-10-17,2
2020-10-18,3
2020-11-04,1
2020-11-06,1
2020-11-07,1
2021-01-07,1
2021-02-10,1
2021-05-17,2
2021-05-18,2
2021-05-27,1
2021-06-16,1
2021-08-06,1
2021-08-19,8
2021-09-18,1
2021-09-19,5
2021-11-01,1
2021-11-03,3
2021-11-21,2
2021-11-22,2
2021-11-28,2
2022-01-16,1
2022-03-30,1
2022-08-16,4
2022-09-14,2
2022-09-15,4
2022-09-18,3
2022-09-20,2
2022-09-30,2
2022-10-03,1
2022-10-07,2
2023-01-11,1
2023-01-12,1
2023-01-19,1
2023-01-20,1
2023-01-23,1
2023-04-10,1
2023-04-16,2
2023-05-29,3
2023-06-06,1
2023-06-09,1
2023-06-16,1
2023-08-01,2
2023-10-12,1
2023-11-04,5
2023-12-19,1
2024-01-15,6
2024-04-02,1
2024-04-30,1
2024-06-06,1
2025-03-18,1
2025-04-26,1
2025-05-16,1
2025-05-19,4
2025-06-01,1
2025-06-14,1
2025-06-15,2
2025-06-17,1
2025-07-02,2
2025-07-11,2
2025-07-15,9
2025-08-03,1
2025-10-09,1
2025-10-20,1
2025-11-16,2
2025-12-15,1
2026-01-30,2
2026-02-14,1
2026-02-15,2
2026-04-15,1
2026-04-16,3
2026-04-21,4
2026-04-24,1
2026-05-17,2
2026-06-10,1
2026-06-12,1
2026-06-16,2
2026-06-23,1
2026-06-30,1
