date,views
2025-06-09,144
2025-06-10,78
2025-06-11,56
2025-06-12,22
2025-06-13,6
2025-06-14,17
2025-06-15,18
2025-06-16,16
2025-06-17,4
2025-06-18,30
2025-06-19,20
2025-06-20,20
2025-06-21,21
2025-06-22,21
2025-06-23,20
2025-06-24,15
2025-06-25,15
2025-06-26,16
2025-06-27,6
2025-06-28,15
2025-06-29,18
2025-06-30,13
2025-07-01,8
2025-07-02,10
2025-07-03,11
2025-07-04,5
2025-07-05,26
2025-07-06,8
2025-07-07,15
2025-07-08,22
2025-07-09,8
2025-07-10,13
2025-07-11,3
2025-07-12,6
2025-07-13,8
2025-07-14,12
2025-07-15,18
2025-07-16,10
2025-07-17,15
2025-07-18,11
2025-07-19,22
2025-07-20,14
2025-07-21,9
2025-07-22,10
2025-07-23,13
2025-07-24,7
2025-07-25,18
2025-07-26,16
2025-07-27,21
2025-07-28,14
2025-07-29,14
2025-07-30,14
2025-07-31,15
2025-08-01,8
2025-08-02,7
2025-08-03,12
2025-08-04,10
2025-08-05,14
2025-08-06,10
2025-08-07,10
2025-08-08,10
2025-08-09,17
2025-08-10,16
2025-08-11,11
2025-08-12,15
2025-08-13,8
2025-08-14,12
2025-08-15,20
2025-08-16,17
2025-08-17,11
2025-08-18,11
2025-08-19,17
2025-08-20,12
2025-08-21,13
2025-08-22,17
2025-08-23,12
2025-08-24,19
2025-08-25,14
2025-08-26,18
2025-08-27,7
2025-08-28,20
2025-08-29,15
2025-08-30,15
2025-08-31,19
2025-09-01,23
2025-09-02,27
2025-09-03,20
2025-09-04,12
2025-09-05,18
2025-09-06,24
2025-09-07,24
2025-09-08,20
2025-09-09,14
2025-09-10,17
2025-09-11,17
2025-09-12,10
2025-09-13,18
2025-09-14,13
2025-09-15,15
2025-09-16,19
2025-09-17,21
2025-09-18,20
2025-09-19,17
2025-09-20,14
2025-09-21,13
2025-09-22,18
2025-09-23,13
2025-09-24,14
2025-09-25,23
2025-09-26,15
2025-09-27,13
2025-09-28,15
2025-09-29,14
2025-09-30,24
2025-10-01,17
2025-10-02,29
2025-10-03,14
2025-10-04,9
2025-10-05,19
2025-10-06,9
2025-10-07,12
2025-10-08,14
2025-10-09,15
2025-10-10,14
2025-10-11,20
2025-10-12,12
2025-10-13,12
2025-10-14,13
2025-10-15,21
2025-10-16,23
2025-10-17,9
2025-10-18,20
2025-10-19,18
2025-10-20,22
2025-10-21,11
2025-10-22,10
2025-10-23,15
2025-10-24,20
2025-10-25,14
2025-10-26,16
2025-10-27,17
2025-10-28,17
2025-10-29,17
2025-10-30,15
2025-10-31,10
2025-11-01,14
2025-11-02,22
2025-11-03,15
2025-11-04,21
2025-11-05,27
2025-11-06,15
2025-11-07,22
2025-11-08,14
2025-11-09,18
2025-11-10,19
2025-11-11,18
2025-11-12,41
2025-11-13,34
2025-11-14,31
2025-11-15,20
2025-11-16,27
2025-11-17,22
2025-11-18,21
2025-11-19,22
2025-11-20,37
2025-11-21,38
2025-11-22,29
2025-11-23,37
2025-11-24,32
2025-11-25,27
2025-11-26,27
2025-11-27,25
2025-11-28,15
2025-11-29,28
2025-11-30,24
2025-12-01,26
2025-12-02,19
2025-12-03,26
2025-12-04,31
2025-12-05,31
2025-12-06,20
2025-12-07,28
2025-12-08,20
2025-12-09,16
2025-12-10,21
2025-12-11,26
2025-12-12,21
2025-12-13,24
2025-12-14,23
2025-12-15,22
2025-12-16,17
2025-12-17,21
2025-12-18,25
2025-12-19,28
2025-12-20,26
2025-12-21,26
2025-12-22,18
2025-12-23,25
2025-12-24,30
2025-12-25,36
2025-12-26,34
2025-12-27,35
2025-12-28,25
2025-12-29,26
2025-12-30,25
2025-12-31,26
2026-01-01,24
2026-01-02,20
2026-01-03,19
2026-01-04,19
2026-01-05,27
2026-01-06,9
2026-01-07,25
2026-01-08,18
2026-01-09,25
2026-01-10,27
2026-01-11,19
2026-01-12,25
2026-01-13,16
2026-01-14,25
2026-01-15,14
2026-01-16,25
2026-01-17,19
2026-01-18,20
2026-01-19,16
2026-01-20,18
2026-01-21,18
2026-01-22,15
2026-01-23,13
2026-01-24,11
2026-01-25,16
2026-01-26,15
2026-01-27,16
2026-01-28,17
2026-01-29,20
2026-01-30,25
2026-01-31,19
2026-02-01,28
2026-02-02,19
2026-02-03,20
2026-02-04,31
2026-02-05,22
2026-02-06,18
2026-02-07,33
2026-02-08,22
2026-02-09,28
2026-02-10,21
2026-02-11,19
2026-02-12,25
2026-02-13,14
2026-02-14,16
2026-02-15,30
2026-02-16,30
2026-02-17,34
2026-02-18,23
2026-02-19,24
2026-02-20,21
2026-02-21,30
2026-02-22,35
2026-02-23,29
2026-02-24,22
2026-02-25,43
2026-02-26,26
2026-02-27,40
2026-02-28,26
2026-03-01,30
2026-03-02,22
2026-03-03,36
2026-03-04,18
2026-03-05,20
2026-03-06,41
2026-03-07,21
2026-03-08,22
2026-03-09,21
2026-03-10,22
2026-03-11,50
2026-03-12,16
2026-03-13,18
2026-03-14,23
2026-03-15,24
2026-03-16,25
2026-03-17,18
2026-03-18,25
2026-03-19,23
2026-03-20,22
2026-03-21,21
2026-03-22,19
2026-03-23,15
2026-03-24,28
2026-03-25,19
2026-03-26,28
2026-03-27,19
2026-03-28,31
2026-03-29,23
2026-03-30,25
2026-03-31,24
2026-04-01,30
2026-04-02,27
2026-04-03,20
2026-04-04,32
2026-04-05,23
2026-04-06,19
2026-04-07,30
2026-04-08,13
2026-04-09,17
2026-04-10,14
2026-04-11,26
2026-04-12,18
2026-04-13,15
2026-04-14,17
2026-04-15,18
2026-04-16,18
2026-04-17,39
2026-04-18,24
2026-04-19,28
2026-04-20,24
2026-04-21,22
2026-04-22,28
2026-04-23,31
2026-04-24,18
2026-04-25,17
2026-04-26,28
2026-04-27,18
2026-04-28,28
2026-04-29,25
2026-04-30,29
2026-05-01,24
2026-05-02,21
2026-05-03,18
2026-05-04,16
2026-05-05,31
2026-05-06,24
2026-05-07,27
2026-05-08,30
2026-05-09,14
2026-05-10,19
2026-05-11,22
2026-05-12,24
2026-05-13,25
2026-05-14,24
2026-05-15,20
2026-05-16,29
2026-05-17,14
2026-05-18,23
2026-05-19,25
2026-05-20,22
2026-05-21,19
2026-05-22,21
2026-05-23,24
2026-05-24,14
2026-05-25,19
2026-05-26,19
2026-05-27,18
2026-05-28,21
2026-05-29,22
2026-05-30,24
2026-05-31,28
2026-06-01,19
2026-06-02,15
2026-06-03,27
2026-06-04,23
2026-06-05,41
2026-06-06,25
2026-06-07,32
2026-06-08,29
2026-06-09,27
2026-06-10,29
2026-06-11,21
2026-06-12,24
2026-06-13,19
2026-06-14,22
2026-06-15,18
2026-06-16,19
2026-06-17,22
2026-06-18,24
2026-06-19,11
2026-06-20,23
2026-06-21,26
2026-06-22,14
2026-06-23,14
2026-06-24,22
2026-06-25,31
2026-06-26,10
2026-06-27,16
2026-06-28,17
2026-06-29,31
2026-06-30,24
2026-07-01,29
